[
  {
    "username": "Bret",
    "email": "Sincere@april.biz",
    "city": "Gwenborough",
    "zipCode": "92998-3874",
    "phone": "1-770-736-8031",
    "website": "http://hildegard.org"
  },
  {
    "username": "Antonette",
    "email": "Shanna@melissa.tv",
    "city": "Wisokyburgh",
    "zipCode": "90566-7771",
    "phone": "1-901-692-6593",
    "website": "https://anastasia.net"
  },
  {
    "username": "Samantha",
    "email": "Nathan@yesenia.net",
    "city": "McKenziehaven",
    "zipCode": "59590-4157",
    "phone": "1-463-123-4447",
    "website": "http://ramiro.info"
  },
  {
    "username": "Karianne",
    "email": "Julianne.OConner@kory.org",
    "city": "South Elvis",
    "zipCode": "53919-4257",
    "phone": "1-493-170-9623",
    "website": "https://kale.biz"
  },
  {
    "username": "Kamren",
    "email": "Lucio_Hettinger@annie.ca",
    "city": "Roscoeview",
    "zipCode": "33263-1212",
    "phone": "1-254-954-1289",
    "website": "http://demarco.info"
  },
  {
    "username": "Leopoldo_Corkery",
    "email": "Karley_Dach@jasper.info",
    "city": "South Christy",
    "zipCode": "23505-1337",
    "phone": "1-477-935-8478",
    "website": "http://ola.org"
  },
  {
    "username": "Elwyn.Skiles",
    "email": "Telly.Hoeger@billy.biz",
    "city": "Howemouth",
    "zipCode": "58804-1099",
    "phone": "1-210-067-6132",
    "website": "https://elvis.io"
  },
  {
    "username": "Maxime_Nienow",
    "email": "Sherwood@rosamond.me",
    "city": "Aliyaview",
    "zipCode": "45169-3333",
    "phone": "1-586-493-6943",
    "website": "http://jacynthe.com"
  },
  {
    "username": "Delphine",
    "email": "Chaim_McDermott@dana.io",
    "city": "Bartholomebury",
    "zipCode": "76495-3109",
    "phone": "1-775-976-6794",
    "website": "http://conrad.com"
  },
  {
    "username": "Moriah.Stanton",
    "email": "Rey.Padberg@karina.biz",
    "city": "Lebsackbury",
    "zipCode": "31428-2261",
    "phone": "1-924-648-3804",
    "website": "http://ambrose.net"
  }
]
